i,ph
Anhui,5.069
Beijing,5.335
Chongqing,4.549
Fujian,4.024
Gansu,6.092
Guangdong,4.087
Guangxi,4.093
Guizhou,4.227
Hainan,3.94
Hebei,5.542
Heilongjiang,5.151
Henan,5.593
Hubei,4.932
Hunan,4.417
Inner_Mongolia,5.916
Jiangsu,5.178
Jiangxi,4.355
Jilin,5.5
Liaoning,5.367
Ningxia,6.18
Qinghai,5.391
Shaanxi,5.658
Shandong,5.426
Shanghai,4.062
Shanxi,5.405
Sichuan,4.774
Tianjin,5.898
Tibet,4.984
Xinjiang,5.72
Yunnan,4.454
Zhejiang,4.17
